script,tier,servedness_score,support_gf_families,diversity_index,exposure_demand
Bengali,Underserved,0.0,11,0.15521728179886685,23006
Tamil,Underserved,0.0,17,0.0,15721
Devanagari,Underserved,0.09023009925716832,62,0.16604671662059634,192989
Telugu,Underserved,0.1306784895798436,27,0.35828764974374416,12278
Arabic,Underserved,0.195059875218273,54,0.3810796988932502,145526
Han,Underserved,0.21473799144828007,26,0.7490574868560783,96340
Katakana,Moderately served,0.5322485088507175,67,1.0,434832
Cyrillic,Moderately served,0.5498978512858808,293,0.6474647465656548,2623937
Latin,Well served,1.0,1920,0.8520042793387836,20191468
