w_demand,indic_bottom4,latin_best,underserved6,median_rho_vs_v1,n_splits
0.0,0.7619047619047619,0.8571428571428571,0.8571428571428571,0.9790880682441959,21
0.05,0.8,0.85,0.75,0.9623515200690814,20
0.1,0.8421052631578947,0.7894736842105263,0.6842105263157895,0.9623515200690814,19
0.15,0.8333333333333334,0.7777777777777778,0.5555555555555556,0.9539832459815243,18
0.2,0.7647058823529411,0.7058823529411765,0.47058823529411764,0.945614971893967,17
0.25,0.6875,0.6875,0.3125,0.945614971893967,16
0.3,0.5333333333333333,0.5333333333333333,0.0,0.9037736014561809,15
0.35,0.35714285714285715,0.42857142857142855,0.0,0.836827408755723,14
0.4,0.23076923076923078,0.3076923076923077,0.0,0.7113032974423645,13
0.45,0.0,0.08333333333333333,0.0,0.6610936529170212,12
0.5,0.0,0.0,0.0,0.4686233489032049,11
0.55,0.0,0.0,0.0,0.326362689414732,10
0.6,0.0,0.0,0.0,0.04184137043778615,9
0.65,0.0,0.0,0.0,-0.04602550748156477,8
0.7,0.0,0.0,0.0,-0.07531446678801507,7
0.75,0.0,0.0,0.0,-0.20920685218893076,6
0.8,0.0,0.0,0.0,-0.32636268941473195,5
0.85,0.0,0.0,0.0,-0.4937281711658766,4
0.9,0.0,0.0,0.0,-0.510464719340991,3
0.95,0.0,0.0,0.0,-0.531385404559884,2
1.0,0.0,0.0,0.0,-0.5523060897787772,1
