w_support,w_diversity,w_demand,rho_vs_v1,indic_bottom4,latin_best,underserved6,most_underserved,order,rank_Tamil,rank_Bengali,rank_Devanagari,rank_Telugu,rank_Arabic,rank_Han,rank_Katakana,rank_Cyrillic,rank_Latin
0.0,0.0,1.0,-0.5523060897787772,False,False,False,Latin,Latin < Cyrillic < Devanagari < Arabic < Katakana < Bengali < Telugu < Tamil < Han,8,6,3,7,4,9,5,2,1
0.0,0.05,0.95,-0.510464719340991,False,False,False,Latin,Latin < Cyrillic < Devanagari < Arabic < Katakana < Bengali < Tamil < Telugu < Han,7,6,3,8,4,9,5,2,1
0.0,0.1,0.9,-0.510464719340991,False,False,False,Latin,Latin < Cyrillic < Devanagari < Arabic < Katakana < Tamil < Bengali < Telugu < Han,6,7,3,8,4,9,5,2,1
0.0,0.15,0.85,-0.4184137043778615,False,False,False,Latin,Latin < Cyrillic < Devanagari < Arabic < Tamil < Katakana < Bengali < Telugu < Han,5,7,3,8,4,9,6,2,1
0.0,0.2,0.8,-0.32636268941473195,False,False,False,Latin,Latin < Cyrillic < Devanagari < Arabic < Tamil < Bengali < Katakana < Telugu < Han,5,6,3,8,4,9,7,2,1
0.0,0.25,0.75,-0.07531446678801507,False,False,False,Devanagari,Devanagari < Cyrillic < Latin < Arabic < Tamil < Bengali < Telugu < Katakana < Han,5,6,1,7,4,9,8,2,3
0.0,0.3,0.7,-0.01673654817511446,False,False,False,Devanagari,Devanagari < Cyrillic < Latin < Tamil < Arabic < Bengali < Telugu < Katakana < Han,4,6,1,7,5,9,8,2,3
0.0,0.35,0.65,-0.01673654817511446,False,False,False,Devanagari,Devanagari < Cyrillic < Latin < Tamil < Arabic < Bengali < Telugu < Katakana < Han,4,6,1,7,5,9,8,2,3
0.0,0.4,0.6,-0.01673654817511446,False,False,False,Devanagari,Devanagari < Cyrillic < Latin < Tamil < Arabic < Bengali < Telugu < Katakana < Han,4,6,1,7,5,9,8,2,3
0.0,0.45,0.55,0.1673654817511446,False,False,False,Devanagari,Devanagari < Cyrillic < Tamil < Latin < Bengali < Arabic < Telugu < Katakana < Han,3,5,1,7,6,9,8,2,4
0.0,0.5,0.5,0.2761530448893886,False,False,False,Devanagari,Devanagari < Tamil < Cyrillic < Latin < Bengali < Arabic < Telugu < Katakana < Han,2,5,1,7,6,9,8,3,4
0.0,0.55,0.45,0.4016771562027471,False,False,False,Devanagari,Devanagari < Tamil < Cyrillic < Bengali < Latin < Arabic < Telugu < Katakana < Han,2,4,1,7,6,9,8,3,5
0.0,0.6,0.4,0.5774109120414489,False,False,False,Devanagari,Devanagari < Tamil < Bengali < Cyrillic < Arabic < Latin < Telugu < Katakana < Han,2,3,1,7,5,9,8,4,6
0.0,0.65,0.35,0.6861984751796929,False,False,False,Tamil,Tamil < Devanagari < Bengali < Cyrillic < Arabic < Telugu < Latin < Katakana < Han,1,3,2,6,5,9,8,4,7
0.0,0.7,0.3,0.7364081197050363,False,False,False,Tamil,Tamil < Devanagari < Bengali < Arabic < Cyrillic < Telugu < Latin < Katakana < Han,1,3,2,6,4,9,8,5,7
0.0,0.75,0.25,0.8033543124054942,False,False,False,Tamil,Tamil < Devanagari < Bengali < Arabic < Telugu < Cyrillic < Latin < Katakana < Han,1,3,2,5,4,9,8,6,7
0.0,0.8,0.2,0.8200908605806085,False,False,False,Tamil,Tamil < Devanagari < Bengali < Arabic < Telugu < Cyrillic < Latin < Han < Katakana,1,3,2,5,4,8,9,6,7
0.0,0.85,0.15,0.8200908605806085,False,False,False,Tamil,Tamil < Devanagari < Bengali < Arabic < Telugu < Cyrillic < Latin < Han < Katakana,1,3,2,5,4,8,9,6,7
0.0,0.9,0.1,0.836827408755723,True,False,False,Tamil,Tamil < Devanagari < Bengali < Telugu < Arabic < Cyrillic < Latin < Han < Katakana,1,3,2,4,5,8,9,6,7
0.0,0.95,0.05,0.8870370532810664,True,False,False,Tamil,Tamil < Devanagari < Bengali < Telugu < Arabic < Cyrillic < Han < Latin < Katakana,1,3,2,4,5,7,9,6,8
0.0,1.0,0.0,0.912141875543738,True,False,False,Tamil,Tamil < Bengali < Devanagari < Telugu < Arabic < Cyrillic < Han < Latin < Katakana,1,2,3,4,5,7,9,6,8
0.05,0.0,0.95,-0.5523060897787772,False,False,False,Latin,Latin < Cyrillic < Devanagari < Arabic < Katakana < Bengali < Telugu < Tamil < Han,8,6,3,7,4,9,5,2,1
0.05,0.05,0.9,-0.510464719340991,False,False,False,Latin,Latin < Cyrillic < Devanagari < Arabic < Katakana < Bengali < Tamil < Telugu < Han,7,6,3,8,4,9,5,2,1
0.05,0.1,0.85,-0.4937281711658766,False,False,False,Cyrillic,Cyrillic < Latin < Devanagari < Arabic < Katakana < Tamil < Bengali < Telugu < Han,6,7,3,8,4,9,5,1,2
0.05,0.15,0.8,-0.3096261412396175,False,False,False,Cyrillic,Cyrillic < Latin < Devanagari < Arabic < Tamil < Bengali < Katakana < Telugu < Han,5,6,3,8,4,9,7,1,2
0.05,0.2,0.75,-0.15899720766358738,False,False,False,Cyrillic,Cyrillic < Devanagari < Latin < Arabic < Tamil < Bengali < Telugu < Katakana < Han,5,6,2,7,4,9,8,1,3
0.05,0.25,0.7,-0.01673654817511446,False,False,False,Devanagari,Devanagari < Cyrillic < Latin < Tamil < Arabic < Bengali < Telugu < Katakana < Han,4,6,1,7,5,9,8,2,3
0.05,0.3,0.65,-0.01673654817511446,False,False,False,Devanagari,Devanagari < Cyrillic < Latin < Tamil < Arabic < Bengali < Telugu < Katakana < Han,4,6,1,7,5,9,8,2,3
0.05,0.35,0.6,0.04184137043778615,False,False,False,Devanagari,Devanagari < Cyrillic < Latin < Tamil < Bengali < Arabic < Telugu < Katakana < Han,4,5,1,7,6,9,8,2,3
0.05,0.4,0.55,0.1673654817511446,False,False,False,Devanagari,Devanagari < Cyrillic < Tamil < Latin < Bengali < Arabic < Telugu < Katakana < Han,3,5,1,7,6,9,8,2,4
0.05,0.45,0.5,0.4016771562027471,False,False,False,Devanagari,Devanagari < Tamil < Cyrillic < Bengali < Latin < Arabic < Telugu < Katakana < Han,2,4,1,7,6,9,8,3,5
0.05,0.5,0.45,0.5774109120414489,False,False,False,Devanagari,Devanagari < Tamil < Bengali < Cyrillic < Arabic < Latin < Telugu < Katakana < Han,2,3,1,7,5,9,8,4,6
0.05,0.55,0.4,0.5774109120414489,False,False,False,Devanagari,Devanagari < Tamil < Bengali < Cyrillic < Arabic < Latin < Telugu < Katakana < Han,2,3,1,7,5,9,8,4,6
0.05,0.6,0.35,0.7364081197050363,False,False,False,Tamil,Tamil < Devanagari < Bengali < Arabic < Cyrillic < Telugu < Latin < Katakana < Han,1,3,2,6,4,9,8,5,7
0.05,0.65,0.3,0.8033543124054942,False,False,False,Tamil,Tamil < Devanagari < Bengali < Arabic < Telugu < Cyrillic < Latin < Katakana < Han,1,3,2,5,4,9,8,6,7
0.05,0.7,0.25,0.8033543124054942,False,False,False,Tamil,Tamil < Devanagari < Bengali < Arabic < Telugu < Cyrillic < Latin < Katakana < Han,1,3,2,5,4,9,8,6,7
0.05,0.75,0.2,0.8200908605806085,False,False,False,Tamil,Tamil < Devanagari < Bengali < Arabic < Telugu < Cyrillic < Latin < Han < Katakana,1,3,2,5,4,8,9,6,7
0.05,0.8,0.15,0.8200908605806085,False,False,False,Tamil,Tamil < Devanagari < Bengali < Arabic < Telugu < Cyrillic < Latin < Han < Katakana,1,3,2,5,4,8,9,6,7
0.05,0.85,0.1,0.836827408755723,True,False,False,Tamil,Tamil < Devanagari < Bengali < Telugu < Arabic < Cyrillic < Latin < Han < Katakana,1,3,2,4,5,8,9,6,7
0.05,0.9,0.05,0.912141875543738,True,False,False,Tamil,Tamil < Bengali < Devanagari < Telugu < Arabic < Cyrillic < Han < Latin < Katakana,1,2,3,4,5,7,9,6,8
0.05,0.95,0.0,0.912141875543738,True,False,False,Tamil,Tamil < Bengali < Devanagari < Telugu < Arabic < Cyrillic < Han < Latin < Katakana,1,2,3,4,5,7,9,6,8
0.1,0.0,0.9,-0.5355695416036628,False,False,False,Cyrillic,Cyrillic < Latin < Devanagari < Arabic < Katakana < Bengali < Telugu < Tamil < Han,8,6,3,7,4,9,5,1,2
0.1,0.05,0.85,-0.4937281711658766,False,False,False,Cyrillic,Cyrillic < Latin < Devanagari < Arabic < Katakana < Bengali < Tamil < Telugu < Han,7,6,3,8,4,9,5,1,2
0.1,0.1,0.8,-0.3096261412396175,False,False,False,Cyrillic,Cyrillic < Latin < Devanagari < Arabic < Tamil < Bengali < Katakana < Telugu < Han,5,6,3,8,4,9,7,1,2
0.1,0.15,0.75,-0.20920685218893076,False,False,False,Cyrillic,Cyrillic < Devanagari < Latin < Arabic < Tamil < Bengali < Katakana < Telugu < Han,5,6,2,8,4,9,7,1,3
0.1,0.2,0.7,-0.07531446678801507,False,False,False,Devanagari,Devanagari < Cyrillic < Latin < Arabic < Tamil < Bengali < Telugu < Katakana < Han,5,6,1,7,4,9,8,2,3
0.1,0.25,0.65,-0.01673654817511446,False,False,False,Devanagari,Devanagari < Cyrillic < Latin < Tamil < Arabic < Bengali < Telugu < Katakana < Han,4,6,1,7,5,9,8,2,3
0.1,0.3,0.6,0.04184137043778615,False,False,False,Devanagari,Devanagari < Cyrillic < Latin < Tamil < Bengali < Arabic < Telugu < Katakana < Han,4,5,1,7,6,9,8,2,3
0.1,0.35,0.55,0.1673654817511446,False,False,False,Devanagari,Devanagari < Cyrillic < Tamil < Latin < Bengali < Arabic < Telugu < Katakana < Han,3,5,1,7,6,9,8,2,4
0.1,0.4,0.5,0.4016771562027471,False,False,False,Devanagari,Devanagari < Tamil < Cyrillic < Bengali < Latin < Arabic < Telugu < Katakana < Han,2,4,1,7,6,9,8,3,5
0.1,0.45,0.45,0.5774109120414489,False,False,False,Devanagari,Devanagari < Tamil < Bengali < Cyrillic < Arabic < Latin < Telugu < Katakana < Han,2,3,1,7,5,9,8,4,6
0.1,0.5,0.4,0.6610936529170212,False,False,False,Devanagari,Devanagari < Tamil < Bengali < Cyrillic < Arabic < Telugu < Latin < Katakana < Han,2,3,1,6,5,9,8,4,7
0.1,0.55,0.35,0.7364081197050363,False,False,False,Tamil,Tamil < Devanagari < Bengali < Arabic < Cyrillic < Telugu < Latin < Katakana < Han,1,3,2,6,4,9,8,5,7
0.1,0.6,0.3,0.8033543124054942,False,False,False,Tamil,Tamil < Devanagari < Bengali < Arabic < Telugu < Cyrillic < Latin < Katakana < Han,1,3,2,5,4,9,8,6,7
0.1,0.65,0.25,0.8033543124054942,False,False,False,Tamil,Tamil < Devanagari < Bengali < Arabic < Telugu < Cyrillic < Latin < Katakana < Han,1,3,2,5,4,9,8,6,7
0.1,0.7,0.2,0.8200908605806085,False,False,False,Tamil,Tamil < Devanagari < Bengali < Arabic < Telugu < Cyrillic < Latin < Han < Katakana,1,3,2,5,4,8,9,6,7
0.1,0.75,0.15,0.836827408755723,True,False,False,Tamil,Tamil < Devanagari < Bengali < Telugu < Arabic < Cyrillic < Latin < Han < Katakana,1,3,2,4,5,8,9,6,7
0.1,0.8,0.1,0.912141875543738,True,False,False,Tamil,Tamil < Bengali < Devanagari < Telugu < Arabic < Cyrillic < Han < Latin < Katakana,1,2,3,4,5,7,9,6,8
0.1,0.85,0.05,0.912141875543738,True,False,False,Tamil,Tamil < Bengali < Devanagari < Telugu < Arabic < Cyrillic < Han < Latin < Katakana,1,2,3,4,5,7,9,6,8
0.1,0.9,0.0,0.912141875543738,True,False,False,Tamil,Tamil < Bengali < Devanagari < Telugu < Arabic < Cyrillic < Han < Latin < Katakana,1,2,3,4,5,7,9,6,8
0.15,0.0,0.85,-0.4937281711658766,False,False,False,Cyrillic,Cyrillic < Latin < Devanagari < Arabic < Katakana < Bengali < Tamil < Telugu < Han,7,6,3,8,4,9,5,1,2
0.15,0.05,0.8,-0.4937281711658766,False,False,False,Cyrillic,Cyrillic < Latin < Devanagari < Arabic < Katakana < Bengali < Tamil < Telugu < Han,7,6,3,8,4,9,5,1,2
0.15,0.1,0.75,-0.20920685218893076,False,False,False,Cyrillic,Cyrillic < Devanagari < Latin < Arabic < Bengali < Tamil < Katakana < Telugu < Han,6,5,2,8,4,9,7,1,3
0.15,0.15,0.7,-0.07531446678801507,False,False,False,Devanagari,Devanagari < Cyrillic < Latin < Arabic < Tamil < Bengali < Telugu < Katakana < Han,5,6,1,7,4,9,8,2,3
0.15,0.2,0.65,-0.01673654817511446,False,False,False,Devanagari,Devanagari < Cyrillic < Latin < Tamil < Arabic < Bengali < Telugu < Katakana < Han,4,6,1,7,5,9,8,2,3
0.15,0.25,0.6,0.04184137043778615,False,False,False,Devanagari,Devanagari < Cyrillic < Latin < Tamil < Bengali < Arabic < Telugu < Katakana < Han,4,5,1,7,6,9,8,2,3
0.15,0.3,0.55,0.1673654817511446,False,False,False,Devanagari,Devanagari < Cyrillic < Tamil < Latin < Bengali < Arabic < Telugu < Katakana < Han,3,5,1,7,6,9,8,2,4
0.15,0.35,0.5,0.4686233489032049,False,False,False,Devanagari,Devanagari < Tamil < Cyrillic < Bengali < Arabic < Latin < Telugu < Katakana < Han,2,4,1,7,5,9,8,3,6
0.15,0.4,0.45,0.5774109120414489,False,False,False,Devanagari,Devanagari < Tamil < Bengali < Cyrillic < Arabic < Latin < Telugu < Katakana < Han,2,3,1,7,5,9,8,4,6
0.15,0.45,0.4,0.6610936529170212,False,False,False,Devanagari,Devanagari < Tamil < Bengali < Cyrillic < Arabic < Telugu < Latin < Katakana < Han,2,3,1,6,5,9,8,4,7
0.15,0.5,0.35,0.7364081197050363,False,False,False,Tamil,Tamil < Devanagari < Bengali < Arabic < Cyrillic < Telugu < Latin < Katakana < Han,1,3,2,6,4,9,8,5,7
0.15,0.55,0.3,0.8033543124054942,False,False,False,Tamil,Tamil < Devanagari < Bengali < Arabic < Telugu < Cyrillic < Latin < Katakana < Han,1,3,2,5,4,9,8,6,7
0.15,0.6,0.25,0.8033543124054942,False,False,False,Tamil,Tamil < Devanagari < Bengali < Arabic < Telugu < Cyrillic < Latin < Katakana < Han,1,3,2,5,4,9,8,6,7
0.15,0.65,0.2,0.8200908605806085,False,False,False,Tamil,Tamil < Devanagari < Bengali < Arabic < Telugu < Cyrillic < Latin < Han < Katakana,1,3,2,5,4,8,9,6,7
0.15,0.7,0.15,0.8870370532810664,True,False,False,Tamil,Tamil < Devanagari < Bengali < Telugu < Arabic < Cyrillic < Han < Latin < Katakana,1,3,2,4,5,7,9,6,8
0.15,0.75,0.1,0.912141875543738,True,False,False,Tamil,Tamil < Bengali < Devanagari < Telugu < Arabic < Cyrillic < Han < Latin < Katakana,1,2,3,4,5,7,9,6,8
0.15,0.8,0.05,0.945614971893967,True,True,False,Tamil,Tamil < Bengali < Devanagari < Telugu < Arabic < Cyrillic < Han < Katakana < Latin,1,2,3,4,5,7,8,6,9
0.15,0.85,0.0,0.9790880682441959,True,True,True,Tamil,Tamil < Bengali < Devanagari < Telugu < Arabic < Han < Cyrillic < Katakana < Latin,1,2,3,4,5,6,8,7,9
0.2,0.0,0.8,-0.4937281711658766,False,False,False,Cyrillic,Cyrillic < Latin < Devanagari < Arabic < Katakana < Bengali < Tamil < Telugu < Han,7,6,3,8,4,9,5,1,2
0.2,0.05,0.75,-0.30125786715206027,False,False,False,Cyrillic,Cyrillic < Devanagari < Latin < Arabic < Bengali < Katakana < Tamil < Telugu < Han,7,5,2,8,4,9,6,1,3
0.2,0.1,0.7,-0.12552411131335844,False,False,False,Devanagari,Devanagari < Cyrillic < Latin < Arabic < Bengali < Tamil < Katakana < Telugu < Han,6,5,1,8,4,9,7,2,3
0.2,0.15,0.65,-0.07531446678801507,False,False,False,Devanagari,Devanagari < Cyrillic < Latin < Arabic < Tamil < Bengali < Telugu < Katakana < Han,5,6,1,7,4,9,8,2,3
0.2,0.2,0.6,0.04184137043778615,False,False,False,Devanagari,Devanagari < Cyrillic < Latin < Tamil < Bengali < Arabic < Telugu < Katakana < Han,4,5,1,7,6,9,8,2,3
0.2,0.25,0.55,0.2928895930645031,False,False,False,Devanagari,Devanagari < Cyrillic < Tamil < Bengali < Latin < Arabic < Telugu < Katakana < Han,3,4,1,7,6,9,8,2,5
0.2,0.3,0.5,0.4686233489032049,False,False,False,Devanagari,Devanagari < Tamil < Cyrillic < Bengali < Arabic < Latin < Telugu < Katakana < Han,2,4,1,7,5,9,8,3,6
0.2,0.35,0.45,0.6610936529170212,False,False,False,Devanagari,Devanagari < Tamil < Bengali < Cyrillic < Arabic < Telugu < Latin < Katakana < Han,2,3,1,6,5,9,8,4,7
0.2,0.4,0.4,0.6610936529170212,False,False,False,Devanagari,Devanagari < Tamil < Bengali < Cyrillic < Arabic < Telugu < Latin < Katakana < Han,2,3,1,6,5,9,8,4,7
0.2,0.45,0.35,0.7364081197050363,False,False,False,Tamil,Tamil < Devanagari < Bengali < Arabic < Cyrillic < Telugu < Latin < Katakana < Han,1,3,2,6,4,9,8,5,7
0.2,0.5,0.3,0.8033543124054942,False,False,False,Tamil,Tamil < Devanagari < Bengali < Arabic < Telugu < Cyrillic < Latin < Katakana < Han,1,3,2,5,4,9,8,6,7
0.2,0.55,0.25,0.8033543124054942,False,False,False,Tamil,Tamil < Devanagari < Bengali < Arabic < Telugu < Cyrillic < Latin < Katakana < Han,1,3,2,5,4,9,8,6,7
0.2,0.6,0.2,0.8870370532810664,True,False,False,Tamil,Tamil < Devanagari < Bengali < Telugu < Arabic < Cyrillic < Han < Latin < Katakana,1,3,2,4,5,7,9,6,8
0.2,0.65,0.15,0.945614971893967,True,True,False,Tamil,Tamil < Bengali < Devanagari < Telugu < Arabic < Cyrillic < Han < Katakana < Latin,1,2,3,4,5,7,8,6,9
0.2,0.7,0.1,0.945614971893967,True,True,False,Tamil,Tamil < Bengali < Devanagari < Telugu < Arabic < Cyrillic < Han < Katakana < Latin,1,2,3,4,5,7,8,6,9
0.2,0.75,0.05,0.945614971893967,True,True,False,Tamil,Tamil < Bengali < Devanagari < Telugu < Arabic < Cyrillic < Han < Katakana < Latin,1,2,3,4,5,7,8,6,9
0.2,0.8,0.0,0.9790880682441959,True,True,True,Tamil,Tamil < Bengali < Devanagari < Telugu < Arabic < Han < Cyrillic < Katakana < Latin,1,2,3,4,5,6,8,7,9
0.25,0.0,0.75,-0.39330888211518983,False,False,False,Cyrillic,Cyrillic < Devanagari < Latin < Arabic < Katakana < Bengali < Tamil < Telugu < Han,7,6,2,8,4,9,5,1,3
0.25,0.05,0.7,-0.20920685218893076,False,False,False,Cyrillic,Cyrillic < Devanagari < Latin < Arabic < Bengali < Tamil < Katakana < Telugu < Han,6,5,2,8,4,9,7,1,3
0.25,0.1,0.65,-0.07531446678801507,False,False,False,Devanagari,Devanagari < Cyrillic < Latin < Arabic < Bengali < Tamil < Telugu < Katakana < Han,6,5,1,7,4,9,8,2,3
0.25,0.15,0.6,0.04184137043778615,False,False,False,Devanagari,Devanagari < Cyrillic < Latin < Tamil < Bengali < Arabic < Telugu < Katakana < Han,4,5,1,7,6,9,8,2,3
0.25,0.2,0.55,0.3598357857649609,False,False,False,Devanagari,Devanagari < Cyrillic < Tamil < Bengali < Arabic < Latin < Telugu < Katakana < Han,3,4,1,7,5,9,8,2,6
0.25,0.25,0.5,0.4686233489032049,False,False,False,Devanagari,Devanagari < Tamil < Cyrillic < Bengali < Arabic < Latin < Telugu < Katakana < Han,2,4,1,7,5,9,8,3,6
0.25,0.3,0.45,0.6610936529170212,False,False,False,Devanagari,Devanagari < Tamil < Bengali < Cyrillic < Arabic < Telugu < Latin < Katakana < Han,2,3,1,6,5,9,8,4,7
0.25,0.35,0.4,0.6610936529170212,False,False,False,Devanagari,Devanagari < Tamil < Bengali < Cyrillic < Arabic < Telugu < Latin < Katakana < Han,2,3,1,6,5,9,8,4,7
0.25,0.4,0.35,0.8033543124054942,False,False,False,Tamil,Tamil < Devanagari < Bengali < Arabic < Telugu < Cyrillic < Latin < Katakana < Han,1,3,2,5,4,9,8,6,7
0.25,0.45,0.3,0.8033543124054942,False,False,False,Tamil,Tamil < Devanagari < Bengali < Arabic < Telugu < Cyrillic < Latin < Katakana < Han,1,3,2,5,4,9,8,6,7
0.25,0.5,0.25,0.9037736014561809,True,True,False,Tamil,Tamil < Devanagari < Bengali < Telugu < Arabic < Cyrillic < Katakana < Han < Latin,1,3,2,4,5,8,7,6,9
0.25,0.55,0.2,0.945614971893967,True,True,False,Tamil,Tamil < Bengali < Devanagari < Telugu < Arabic < Cyrillic < Han < Katakana < Latin,1,2,3,4,5,7,8,6,9
0.25,0.6,0.15,0.945614971893967,True,True,False,Tamil,Tamil < Bengali < Devanagari < Telugu < Arabic < Cyrillic < Han < Katakana < Latin,1,2,3,4,5,7,8,6,9
0.25,0.65,0.1,0.945614971893967,True,True,False,Tamil,Tamil < Bengali < Devanagari < Telugu < Arabic < Cyrillic < Han < Katakana < Latin,1,2,3,4,5,7,8,6,9
0.25,0.7,0.05,0.9790880682441959,True,True,True,Tamil,Tamil < Bengali < Devanagari < Telugu < Arabic < Han < Cyrillic < Katakana < Latin,1,2,3,4,5,6,8,7,9
0.25,0.75,0.0,0.9790880682441959,True,True,True,Tamil,Tamil < Bengali < Devanagari < Telugu < Arabic < Han < Cyrillic < Katakana < Latin,1,2,3,4,5,6,8,7,9
0.3,0.0,0.7,-0.30125786715206027,False,False,False,Cyrillic,Cyrillic < Devanagari < Latin < Arabic < Bengali < Katakana < Tamil < Telugu < Han,7,5,2,8,4,9,6,1,3
0.3,0.05,0.65,-0.12552411131335844,False,False,False,Devanagari,Devanagari < Cyrillic < Latin < Arabic < Bengali < Tamil < Katakana < Telugu < Han,6,5,1,8,4,9,7,2,3
0.3,0.1,0.6,0.04184137043778615,False,False,False,Devanagari,Devanagari < Cyrillic < Latin < Bengali < Tamil < Arabic < Telugu < Katakana < Han,5,4,1,7,6,9,8,2,3
0.3,0.15,0.55,0.3598357857649609,False,False,False,Devanagari,Devanagari < Cyrillic < Tamil < Bengali < Arabic < Latin < Telugu < Katakana < Han,3,4,1,7,5,9,8,2,6
0.3,0.2,0.5,0.5523060897787772,False,False,False,Devanagari,Devanagari < Tamil < Cyrillic < Bengali < Arabic < Telugu < Latin < Katakana < Han,2,4,1,6,5,9,8,3,7
0.3,0.25,0.45,0.6610936529170212,False,False,False,Devanagari,Devanagari < Tamil < Bengali < Cyrillic < Arabic < Telugu < Latin < Katakana < Han,2,3,1,6,5,9,8,4,7
0.3,0.3,0.4,0.7113032974423645,False,False,False,Devanagari,Devanagari < Tamil < Bengali < Arabic < Cyrillic < Telugu < Latin < Katakana < Han,2,3,1,6,4,9,8,5,7
0.3,0.35,0.35,0.836827408755723,False,False,False,Tamil,Tamil < Devanagari < Bengali < Arabic < Telugu < Cyrillic < Katakana < Latin < Han,1,3,2,5,4,9,7,6,8
0.3,0.4,0.3,0.836827408755723,False,False,False,Tamil,Tamil < Devanagari < Bengali < Arabic < Telugu < Cyrillic < Katakana < Latin < Han,1,3,2,5,4,9,7,6,8
0.3,0.45,0.25,0.945614971893967,True,True,False,Tamil,Tamil < Bengali < Devanagari < Telugu < Arabic < Cyrillic < Han < Katakana < Latin,1,2,3,4,5,7,8,6,9
0.3,0.5,0.2,0.945614971893967,True,True,False,Tamil,Tamil < Bengali < Devanagari < Telugu < Arabic < Cyrillic < Han < Katakana < Latin,1,2,3,4,5,7,8,6,9
0.3,0.55,0.15,0.945614971893967,True,True,False,Tamil,Tamil < Bengali < Devanagari < Telugu < Arabic < Cyrillic < Han < Katakana < Latin,1,2,3,4,5,7,8,6,9
0.3,0.6,0.1,0.9790880682441959,True,True,True,Tamil,Tamil < Bengali < Devanagari < Telugu < Arabic < Han < Cyrillic < Katakana < Latin,1,2,3,4,5,6,8,7,9
0.3,0.65,0.05,0.9790880682441959,True,True,True,Tamil,Tamil < Bengali < Devanagari < Telugu < Arabic < Han < Cyrillic < Katakana < Latin,1,2,3,4,5,6,8,7,9
0.3,0.7,0.0,0.9790880682441959,True,True,True,Tamil,Tamil < Bengali < Devanagari < Telugu < Arabic < Han < Cyrillic < Katakana < Latin,1,2,3,4,5,6,8,7,9
0.35,0.0,0.65,-0.12552411131335844,False,False,False,Devanagari,Devanagari < Cyrillic < Latin < Arabic < Bengali < Tamil < Katakana < Telugu < Han,6,5,1,8,4,9,7,2,3
0.35,0.05,0.6,0.17573375583870182,False,False,False,Devanagari,Devanagari < Cyrillic < Bengali < Arabic < Latin < Tamil < Telugu < Katakana < Han,6,3,1,7,4,9,8,2,5
0.35,0.1,0.55,0.3598357857649609,False,False,False,Devanagari,Devanagari < Cyrillic < Bengali < Tamil < Arabic < Latin < Telugu < Katakana < Han,4,3,1,7,5,9,8,2,6
0.35,0.15,0.5,0.6610936529170212,False,False,False,Devanagari,Devanagari < Bengali < Tamil < Cyrillic < Arabic < Telugu < Latin < Katakana < Han,3,2,1,6,5,9,8,4,7
0.35,0.2,0.45,0.6610936529170212,False,False,False,Devanagari,Devanagari < Tamil < Bengali < Cyrillic < Arabic < Telugu < Latin < Katakana < Han,2,3,1,6,5,9,8,4,7
0.35,0.25,0.4,0.7447763937925935,False,False,False,Devanagari,Devanagari < Tamil < Bengali < Arabic < Cyrillic < Telugu < Katakana < Latin < Han,2,3,1,6,4,9,7,5,8
0.35,0.3,0.35,0.836827408755723,False,False,False,Tamil,Tamil < Devanagari < Bengali < Arabic < Telugu < Cyrillic < Katakana < Latin < Han,1,3,2,5,4,9,7,6,8
0.35,0.35,0.3,0.9037736014561809,True,True,False,Tamil,Tamil < Devanagari < Bengali < Telugu < Arabic < Cyrillic < Katakana < Han < Latin,1,3,2,4,5,8,7,6,9
0.35,0.4,0.25,0.945614971893967,True,True,False,Tamil,Tamil < Bengali < Devanagari < Telugu < Arabic < Cyrillic < Han < Katakana < Latin,1,2,3,4,5,7,8,6,9
0.35,0.45,0.2,0.945614971893967,True,True,False,Tamil,Tamil < Bengali < Devanagari < Telugu < Arabic < Cyrillic < Han < Katakana < Latin,1,2,3,4,5,7,8,6,9
0.35,0.5,0.15,0.945614971893967,True,True,False,Tamil,Tamil < Bengali < Devanagari < Telugu < Arabic < Cyrillic < Han < Katakana < Latin,1,2,3,4,5,7,8,6,9
0.35,0.55,0.1,0.9790880682441959,True,True,True,Tamil,Tamil < Bengali < Devanagari < Telugu < Arabic < Han < Cyrillic < Katakana < Latin,1,2,3,4,5,6,8,7,9
0.35,0.6,0.05,0.9790880682441959,True,True,True,Tamil,Tamil < Bengali < Devanagari < Telugu < Arabic < Han < Cyrillic < Katakana < Latin,1,2,3,4,5,6,8,7,9
0.35,0.65,0.0,0.9790880682441959,True,True,True,Tamil,Tamil < Bengali < Devanagari < Telugu < Arabic < Han < Cyrillic < Katakana < Latin,1,2,3,4,5,6,8,7,9
0.4,0.0,0.6,0.12552411131335844,False,False,False,Devanagari,Devanagari < Cyrillic < Bengali < Arabic < Latin < Tamil < Katakana < Telugu < Han,6,3,1,8,4,9,7,2,5
0.4,0.05,0.55,0.4435185266405332,False,False,False,Devanagari,Devanagari < Cyrillic < Bengali < Tamil < Arabic < Telugu < Latin < Katakana < Han,4,3,1,6,5,9,8,2,7
0.4,0.1,0.5,0.5857791861290061,False,False,False,Devanagari,Devanagari < Bengali < Cyrillic < Tamil < Arabic < Telugu < Katakana < Latin < Han,4,2,1,6,5,9,7,3,8
0.4,0.15,0.45,0.6945667492672501,False,False,False,Devanagari,Devanagari < Bengali < Tamil < Cyrillic < Arabic < Telugu < Katakana < Latin < Han,3,2,1,6,5,9,7,4,8
0.4,0.2,0.4,0.8117225864930513,False,False,False,Devanagari,Devanagari < Tamil < Bengali < Arabic < Telugu < Cyrillic < Katakana < Latin < Han,2,3,1,5,4,9,7,6,8
0.4,0.25,0.35,0.8870370532810664,False,True,False,Tamil,Tamil < Devanagari < Bengali < Arabic < Telugu < Cyrillic < Katakana < Han < Latin,1,3,2,5,4,8,7,6,9
0.4,0.3,0.3,0.9288784237188525,True,True,False,Tamil,Tamil < Bengali < Devanagari < Telugu < Arabic < Cyrillic < Katakana < Han < Latin,1,2,3,4,5,8,7,6,9
0.4,0.35,0.25,0.945614971893967,True,True,False,Tamil,Tamil < Bengali < Devanagari < Telugu < Arabic < Cyrillic < Han < Katakana < Latin,1,2,3,4,5,7,8,6,9
0.4,0.4,0.2,0.945614971893967,True,True,False,Tamil,Tamil < Bengali < Devanagari < Telugu < Arabic < Cyrillic < Han < Katakana < Latin,1,2,3,4,5,7,8,6,9
0.4,0.45,0.15,0.9790880682441959,True,True,True,Tamil,Tamil < Bengali < Devanagari < Telugu < Arabic < Han < Cyrillic < Katakana < Latin,1,2,3,4,5,6,8,7,9
0.4,0.5,0.1,0.9790880682441959,True,True,True,Tamil,Tamil < Bengali < Devanagari < Telugu < Arabic < Han < Cyrillic < Katakana < Latin,1,2,3,4,5,6,8,7,9
0.4,0.55,0.05,0.9790880682441959,True,True,True,Tamil,Tamil < Bengali < Devanagari < Telugu < Arabic < Han < Cyrillic < Katakana < Latin,1,2,3,4,5,6,8,7,9
0.4,0.6,0.0,0.9790880682441959,True,True,True,Tamil,Tamil < Bengali < Devanagari < Telugu < Arabic < Han < Cyrillic < Katakana < Latin,1,2,3,4,5,6,8,7,9
0.45,0.0,0.55,0.4184137043778615,False,False,False,Devanagari,Devanagari < Cyrillic < Bengali < Arabic < Tamil < Telugu < Katakana < Latin < Han,5,3,1,6,4,9,7,2,8
0.45,0.05,0.5,0.5857791861290061,False,False,False,Devanagari,Devanagari < Bengali < Cyrillic < Tamil < Arabic < Telugu < Katakana < Latin < Han,4,2,1,6,5,9,7,3,8
0.45,0.1,0.45,0.6945667492672501,False,False,False,Devanagari,Devanagari < Bengali < Tamil < Cyrillic < Arabic < Telugu < Katakana < Latin < Han,3,2,1,6,5,9,7,4,8
0.45,0.15,0.4,0.8619322310183947,False,True,False,Devanagari,Devanagari < Bengali < Tamil < Arabic < Telugu < Cyrillic < Katakana < Han < Latin,3,2,1,5,4,8,7,6,9
0.45,0.2,0.35,0.9288784237188525,True,True,False,Tamil,Tamil < Bengali < Devanagari < Telugu < Arabic < Cyrillic < Katakana < Han < Latin,1,2,3,4,5,8,7,6,9
0.45,0.25,0.3,0.9288784237188525,True,True,False,Tamil,Tamil < Bengali < Devanagari < Telugu < Arabic < Cyrillic < Katakana < Han < Latin,1,2,3,4,5,8,7,6,9
0.45,0.3,0.25,0.945614971893967,True,True,False,Tamil,Tamil < Bengali < Devanagari < Telugu < Arabic < Cyrillic < Han < Katakana < Latin,1,2,3,4,5,7,8,6,9
0.45,0.35,0.2,0.9790880682441959,True,True,True,Tamil,Tamil < Bengali < Devanagari < Telugu < Arabic < Han < Cyrillic < Katakana < Latin,1,2,3,4,5,6,8,7,9
0.45,0.4,0.15,0.9790880682441959,True,True,True,Tamil,Tamil < Bengali < Devanagari < Telugu < Arabic < Han < Cyrillic < Katakana < Latin,1,2,3,4,5,6,8,7,9
0.45,0.45,0.1,0.9790880682441959,True,True,True,Tamil,Tamil < Bengali < Devanagari < Telugu < Arabic < Han < Cyrillic < Katakana < Latin,1,2,3,4,5,6,8,7,9
0.45,0.5,0.05,0.9958246164193104,True,True,True,Tamil,Tamil < Bengali < Devanagari < Telugu < Arabic < Han < Katakana < Cyrillic < Latin,1,2,3,4,5,6,7,8,9
0.45,0.55,0.0,0.9958246164193104,True,True,True,Tamil,Tamil < Bengali < Devanagari < Telugu < Arabic < Han < Katakana < Cyrillic < Latin,1,2,3,4,5,6,7,8,9
0.5,0.0,0.5,0.5857791861290061,False,False,False,Devanagari,Devanagari < Bengali < Cyrillic < Tamil < Arabic < Telugu < Katakana < Latin < Han,4,2,1,6,5,9,7,3,8
0.5,0.05,0.45,0.6945667492672501,False,False,False,Devanagari,Devanagari < Bengali < Tamil < Cyrillic < Arabic < Telugu < Katakana < Latin < Han,3,2,1,6,5,9,7,4,8
0.5,0.1,0.4,0.9037736014561809,True,True,False,Bengali,Bengali < Devanagari < Tamil < Telugu < Arabic < Cyrillic < Katakana < Han < Latin,3,1,2,4,5,8,7,6,9
0.5,0.15,0.35,0.9288784237188525,True,True,False,Bengali,Bengali < Tamil < Devanagari < Telugu < Arabic < Cyrillic < Katakana < Han < Latin,2,1,3,4,5,8,7,6,9
0.5,0.2,0.3,0.9288784237188525,True,True,False,Tamil,Tamil < Bengali < Devanagari < Telugu < Arabic < Cyrillic < Katakana < Han < Latin,1,2,3,4,5,8,7,6,9
0.5,0.25,0.25,0.945614971893967,True,True,False,Tamil,Tamil < Bengali < Devanagari < Telugu < Arabic < Cyrillic < Han < Katakana < Latin,1,2,3,4,5,7,8,6,9
0.5,0.3,0.2,0.9790880682441959,True,True,True,Tamil,Tamil < Bengali < Devanagari < Telugu < Arabic < Han < Cyrillic < Katakana < Latin,1,2,3,4,5,6,8,7,9
0.5,0.35,0.15,0.9958246164193104,True,True,True,Tamil,Tamil < Bengali < Devanagari < Telugu < Arabic < Han < Katakana < Cyrillic < Latin,1,2,3,4,5,6,7,8,9
0.5,0.4,0.1,0.9958246164193104,True,True,True,Tamil,Tamil < Bengali < Devanagari < Telugu < Arabic < Han < Katakana < Cyrillic < Latin,1,2,3,4,5,6,7,8,9
0.5,0.45,0.05,0.9958246164193104,True,True,True,Tamil,Tamil < Bengali < Devanagari < Telugu < Arabic < Han < Katakana < Cyrillic < Latin,1,2,3,4,5,6,7,8,9
0.5,0.5,0.0,0.9958246164193104,True,True,True,Tamil,Tamil < Bengali < Devanagari < Telugu < Arabic < Han < Katakana < Cyrillic < Latin,1,2,3,4,5,6,7,8,9
0.55,0.0,0.45,0.7949860383179369,False,True,False,Devanagari,Devanagari < Bengali < Tamil < Arabic < Cyrillic < Telugu < Katakana < Han < Latin,3,2,1,6,4,8,7,5,9
0.55,0.05,0.4,0.9037736014561809,True,True,False,Bengali,Bengali < Devanagari < Tamil < Telugu < Arabic < Cyrillic < Katakana < Han < Latin,3,1,2,4,5,8,7,6,9
0.55,0.1,0.35,0.9288784237188525,True,True,False,Bengali,Bengali < Tamil < Devanagari < Telugu < Arabic < Cyrillic < Katakana < Han < Latin,2,1,3,4,5,8,7,6,9
0.55,0.15,0.3,0.9288784237188525,True,True,False,Bengali,Bengali < Tamil < Devanagari < Telugu < Arabic < Cyrillic < Katakana < Han < Latin,2,1,3,4,5,8,7,6,9
0.55,0.2,0.25,0.9958246164193104,True,True,True,Bengali,Bengali < Tamil < Devanagari < Telugu < Arabic < Han < Katakana < Cyrillic < Latin,2,1,3,4,5,6,7,8,9
0.55,0.25,0.2,0.9958246164193104,True,True,True,Tamil,Tamil < Bengali < Devanagari < Telugu < Arabic < Han < Katakana < Cyrillic < Latin,1,2,3,4,5,6,7,8,9
0.55,0.3,0.15,0.9958246164193104,True,True,True,Tamil,Tamil < Bengali < Devanagari < Telugu < Arabic < Han < Katakana < Cyrillic < Latin,1,2,3,4,5,6,7,8,9
0.55,0.35,0.1,0.9958246164193104,True,True,True,Tamil,Tamil < Bengali < Devanagari < Telugu < Arabic < Han < Katakana < Cyrillic < Latin,1,2,3,4,5,6,7,8,9
0.55,0.4,0.05,0.9958246164193104,True,True,True,Tamil,Tamil < Bengali < Devanagari < Telugu < Arabic < Han < Katakana < Cyrillic < Latin,1,2,3,4,5,6,7,8,9
0.55,0.45,0.0,0.9958246164193104,True,True,True,Tamil,Tamil < Bengali < Devanagari < Telugu < Arabic < Han < Katakana < Cyrillic < Latin,1,2,3,4,5,6,7,8,9
0.6,0.0,0.4,0.9037736014561809,True,True,False,Bengali,Bengali < Devanagari < Tamil < Telugu < Arabic < Cyrillic < Katakana < Han < Latin,3,1,2,4,5,8,7,6,9
0.6,0.05,0.35,0.945614971893967,True,True,False,Bengali,Bengali < Tamil < Devanagari < Telugu < Arabic < Katakana < Cyrillic < Han < Latin,2,1,3,4,5,8,6,7,9
0.6,0.1,0.3,0.9790880682441959,True,True,False,Bengali,Bengali < Tamil < Devanagari < Telugu < Arabic < Katakana < Han < Cyrillic < Latin,2,1,3,4,5,7,6,8,9
0.6,0.15,0.25,0.9958246164193104,True,True,True,Bengali,Bengali < Tamil < Devanagari < Telugu < Arabic < Han < Katakana < Cyrillic < Latin,2,1,3,4,5,6,7,8,9
0.6,0.2,0.2,0.9958246164193104,True,True,True,Bengali,Bengali < Tamil < Devanagari < Telugu < Arabic < Han < Katakana < Cyrillic < Latin,2,1,3,4,5,6,7,8,9
0.6,0.25,0.15,0.9958246164193104,True,True,True,Tamil,Tamil < Bengali < Devanagari < Telugu < Arabic < Han < Katakana < Cyrillic < Latin,1,2,3,4,5,6,7,8,9
0.6,0.3,0.1,0.9958246164193104,True,True,True,Tamil,Tamil < Bengali < Devanagari < Telugu < Arabic < Han < Katakana < Cyrillic < Latin,1,2,3,4,5,6,7,8,9
0.6,0.35,0.05,0.9790880682441959,True,True,True,Tamil,Tamil < Bengali < Telugu < Devanagari < Arabic < Han < Katakana < Cyrillic < Latin,1,2,4,3,5,6,7,8,9
0.6,0.4,0.0,0.9790880682441959,True,True,True,Tamil,Tamil < Bengali < Telugu < Devanagari < Arabic < Han < Katakana < Cyrillic < Latin,1,2,4,3,5,6,7,8,9
0.65,0.0,0.35,0.945614971893967,True,True,False,Bengali,Bengali < Tamil < Devanagari < Telugu < Arabic < Katakana < Cyrillic < Han < Latin,2,1,3,4,5,8,6,7,9
0.65,0.05,0.3,0.9790880682441959,True,True,False,Bengali,Bengali < Tamil < Devanagari < Telugu < Arabic < Katakana < Han < Cyrillic < Latin,2,1,3,4,5,7,6,8,9
0.65,0.1,0.25,0.9958246164193104,True,True,True,Bengali,Bengali < Tamil < Devanagari < Telugu < Arabic < Han < Katakana < Cyrillic < Latin,2,1,3,4,5,6,7,8,9
0.65,0.15,0.2,0.9958246164193104,True,True,True,Bengali,Bengali < Tamil < Devanagari < Telugu < Arabic < Han < Katakana < Cyrillic < Latin,2,1,3,4,5,6,7,8,9
0.65,0.2,0.15,0.9958246164193104,True,True,True,Bengali,Bengali < Tamil < Devanagari < Telugu < Arabic < Han < Katakana < Cyrillic < Latin,2,1,3,4,5,6,7,8,9
0.65,0.25,0.1,0.9790880682441959,True,True,True,Tamil,Tamil < Bengali < Telugu < Devanagari < Arabic < Han < Katakana < Cyrillic < Latin,1,2,4,3,5,6,7,8,9
0.65,0.3,0.05,0.9790880682441959,True,True,True,Tamil,Tamil < Bengali < Telugu < Devanagari < Arabic < Han < Katakana < Cyrillic < Latin,1,2,4,3,5,6,7,8,9
0.65,0.35,0.0,0.9790880682441959,True,True,True,Tamil,Tamil < Bengali < Telugu < Devanagari < Arabic < Han < Katakana < Cyrillic < Latin,1,2,4,3,5,6,7,8,9
0.7,0.0,0.3,0.9790880682441959,True,True,False,Bengali,Bengali < Tamil < Devanagari < Telugu < Arabic < Katakana < Han < Cyrillic < Latin,2,1,3,4,5,7,6,8,9
0.7,0.05,0.25,0.9958246164193104,True,True,True,Bengali,Bengali < Tamil < Devanagari < Telugu < Arabic < Han < Katakana < Cyrillic < Latin,2,1,3,4,5,6,7,8,9
0.7,0.1,0.2,0.9790880682441959,True,True,True,Bengali,Bengali < Tamil < Telugu < Devanagari < Arabic < Han < Katakana < Cyrillic < Latin,2,1,4,3,5,6,7,8,9
0.7,0.15,0.15,0.9790880682441959,True,True,True,Bengali,Bengali < Tamil < Telugu < Devanagari < Arabic < Han < Katakana < Cyrillic < Latin,2,1,4,3,5,6,7,8,9
0.7,0.2,0.1,0.9790880682441959,True,True,True,Bengali,Bengali < Tamil < Telugu < Devanagari < Arabic < Han < Katakana < Cyrillic < Latin,2,1,4,3,5,6,7,8,9
0.7,0.25,0.05,0.9623515200690814,True,True,True,Tamil,Tamil < Bengali < Telugu < Devanagari < Han < Arabic < Katakana < Cyrillic < Latin,1,2,4,3,6,5,7,8,9
0.7,0.3,0.0,0.9623515200690814,True,True,True,Tamil,Tamil < Bengali < Telugu < Devanagari < Han < Arabic < Katakana < Cyrillic < Latin,1,2,4,3,6,5,7,8,9
0.75,0.0,0.25,0.9790880682441959,True,True,True,Bengali,Bengali < Tamil < Telugu < Devanagari < Arabic < Han < Katakana < Cyrillic < Latin,2,1,4,3,5,6,7,8,9
0.75,0.05,0.2,0.9790880682441959,True,True,True,Bengali,Bengali < Tamil < Telugu < Devanagari < Arabic < Han < Katakana < Cyrillic < Latin,2,1,4,3,5,6,7,8,9
0.75,0.1,0.15,0.9623515200690814,True,True,True,Bengali,Bengali < Tamil < Telugu < Devanagari < Han < Arabic < Katakana < Cyrillic < Latin,2,1,4,3,6,5,7,8,9
0.75,0.15,0.1,0.9623515200690814,True,True,True,Bengali,Bengali < Tamil < Telugu < Devanagari < Han < Arabic < Katakana < Cyrillic < Latin,2,1,4,3,6,5,7,8,9
0.75,0.2,0.05,0.9623515200690814,True,True,True,Bengali,Bengali < Tamil < Telugu < Devanagari < Han < Arabic < Katakana < Cyrillic < Latin,2,1,4,3,6,5,7,8,9
0.75,0.25,0.0,0.9623515200690814,True,True,True,Bengali,Bengali < Tamil < Telugu < Devanagari < Han < Arabic < Katakana < Cyrillic < Latin,2,1,4,3,6,5,7,8,9
0.8,0.0,0.2,0.9623515200690814,True,True,True,Bengali,Bengali < Tamil < Telugu < Devanagari < Han < Arabic < Katakana < Cyrillic < Latin,2,1,4,3,6,5,7,8,9
0.8,0.05,0.15,0.9623515200690814,True,True,True,Bengali,Bengali < Tamil < Telugu < Devanagari < Han < Arabic < Katakana < Cyrillic < Latin,2,1,4,3,6,5,7,8,9
0.8,0.1,0.1,0.912141875543738,False,True,True,Bengali,Bengali < Tamil < Telugu < Han < Devanagari < Arabic < Katakana < Cyrillic < Latin,2,1,5,3,6,4,7,8,9
0.8,0.15,0.05,0.912141875543738,False,True,True,Bengali,Bengali < Tamil < Telugu < Han < Devanagari < Arabic < Katakana < Cyrillic < Latin,2,1,5,3,6,4,7,8,9
0.8,0.2,0.0,0.912141875543738,False,True,True,Bengali,Bengali < Tamil < Telugu < Han < Devanagari < Arabic < Katakana < Cyrillic < Latin,2,1,5,3,6,4,7,8,9
0.85,0.0,0.15,0.912141875543738,False,True,True,Bengali,Bengali < Tamil < Telugu < Han < Devanagari < Arabic < Katakana < Cyrillic < Latin,2,1,5,3,6,4,7,8,9
0.85,0.05,0.1,0.912141875543738,False,True,True,Bengali,Bengali < Tamil < Telugu < Han < Devanagari < Arabic < Katakana < Cyrillic < Latin,2,1,5,3,6,4,7,8,9
0.85,0.1,0.05,0.912141875543738,False,True,True,Bengali,Bengali < Tamil < Telugu < Han < Devanagari < Arabic < Katakana < Cyrillic < Latin,2,1,5,3,6,4,7,8,9
0.85,0.15,0.0,0.912141875543738,False,True,True,Bengali,Bengali < Tamil < Telugu < Han < Devanagari < Arabic < Katakana < Cyrillic < Latin,2,1,5,3,6,4,7,8,9
0.9,0.0,0.1,0.912141875543738,False,True,True,Bengali,Bengali < Tamil < Telugu < Han < Devanagari < Arabic < Katakana < Cyrillic < Latin,2,1,5,3,6,4,7,8,9
0.9,0.05,0.05,0.912141875543738,False,True,True,Bengali,Bengali < Tamil < Telugu < Han < Devanagari < Arabic < Katakana < Cyrillic < Latin,2,1,5,3,6,4,7,8,9
0.9,0.1,0.0,0.8786687791935092,False,True,True,Bengali,Bengali < Tamil < Telugu < Han < Arabic < Devanagari < Katakana < Cyrillic < Latin,2,1,6,3,5,4,7,8,9
0.95,0.0,0.05,0.8786687791935092,False,True,True,Bengali,Bengali < Tamil < Telugu < Han < Arabic < Devanagari < Katakana < Cyrillic < Latin,2,1,6,3,5,4,7,8,9
0.95,0.05,0.0,0.8786687791935092,False,True,True,Bengali,Bengali < Tamil < Telugu < Han < Arabic < Devanagari < Katakana < Cyrillic < Latin,2,1,6,3,5,4,7,8,9
1.0,0.0,0.0,0.8451956828432803,False,True,True,Bengali,Bengali < Tamil < Han < Telugu < Arabic < Devanagari < Katakana < Cyrillic < Latin,2,1,6,4,5,3,7,8,9
