script,parameter,direction,baseline_input,shocked_input,baseline_sss,shocked_sss,sss_change,sss_pct_change,baseline_rank,shocked_rank
Latin,support,Up,1920.0,2304.0,0.08042730556942046,0.08236691872936021,0.0019396131599397487,2.411635135862634,1,1
Latin,support,Down,1920.0,1536.0,0.08042730556942046,0.07805341091705159,-0.0023738946523688687,-2.951602861194762,1,1
Latin,mean_cosine_distance,Up,0.1797612011432647,0.2157134413719176,0.08042730556942046,0.09651276668330455,0.016085461113884092,20.0,1,1
Latin,mean_cosine_distance,Down,0.1797612011432647,0.14380896091461176,0.08042730556942046,0.06434184445553637,-0.016085461113884092,-20.0,1,1
Latin,exposure,Up,21798683.0,26158419.599999998,0.08042730556942046,0.07956876313030607,-0.0008585424391143875,-1.0674763167010992,1,1
Latin,exposure,Down,21798683.0,17438946.400000002,0.08042730556942046,0.08150362807734174,0.001076322507921279,1.3382550867531626,1,1
Katakana,support,Up,67.0,80.39999999999999,0.050490143048854984,0.05267946871821867,0.0021893256693636884,4.336144714910524,2,2
Katakana,support,Down,67.0,53.6,0.050490143048854984,0.047810624985078924,-0.0026795180637760596,-5.307012224511465,2,3
Katakana,mean_cosine_distance,Up,0.2015723884105682,0.24188686609268184,0.050490143048854984,0.060588171658625976,0.010098028609770993,19.999999999999993,2,2
Katakana,mean_cosine_distance,Down,0.2015723884105682,0.16125791072845458,0.050490143048854984,0.040392114439083984,-0.010098028609771,-20.000000000000007,2,3
Katakana,exposure,Up,19510113.0,23412135.599999998,0.050490143048854984,0.04994764974128819,-0.0005424933075667965,-1.0744538929942666,2,3
Katakana,exposure,Down,19510113.0,15608090.4,0.050490143048854984,0.05117035471308484,0.0006802116642298586,1.3472167499538992,2,2
Cyrillic,support,Up,293.0,351.59999999999997,0.05031726307436929,0.051932341060338706,0.0016150779859694167,3.2097890212794753,3,2
Cyrillic,support,Down,293.0,234.4,0.05031726307436929,0.04834056737378403,-0.001976695700585257,-3.9284642681452806,3,3
Cyrillic,mean_cosine_distance,Up,0.1496167480945587,0.17954009771347043,0.05031726307436929,0.06038071568924314,0.010063452614873854,19.999999999999993,3,2
Cyrillic,mean_cosine_distance,Down,0.1496167480945587,0.11969339847564696,0.05031726307436929,0.04025381045949543,-0.01006345261487386,-20.000000000000007,3,3
Cyrillic,exposure,Up,21634695.0,25961634.0,0.05031726307436929,0.04977990062883238,-0.0005373624455369125,-1.0679484787212825,3,3
Cyrillic,exposure,Down,21634695.0,17307756.0,0.05031726307436929,0.050990941496799745,0.0006736784224304557,1.338861419061593,3,2
Han,support,Up,26.0,31.2,0.03215398248225373,0.03395330428714108,0.0017993218048873508,5.595953178989333,4,4
Han,support,Down,26.0,20.8,0.03215398248225373,0.02995179057165366,-0.0022021919106000667,-6.848893171523901,4,4
Han,mean_cosine_distance,Up,0.1645891964435577,0.19750703573226924,0.03215398248225373,0.038584778978704465,0.006430796496450737,19.99999999999997,4,4
Han,mean_cosine_distance,Down,0.1645891964435577,0.13167135715484618,0.03215398248225373,0.025723185985802983,-0.006430796496450744,-19.999999999999996,4,5
Han,exposure,Up,17496000.0,20995200.0,0.03215398248225373,0.03180627001745554,-0.00034771246479818607,-1.0813978174868195,4,4
Han,exposure,Down,17496000.0,13996800.0,0.03215398248225373,0.032590034864152455,0.0004360523818987272,1.3561380215946537,4,4
Arabic,support,Up,54.0,64.8,0.026207291489984432,0.027405128866125946,0.001197837376141514,4.570626371669458,5,5
Arabic,support,Down,54.0,43.2,0.026207291489984432,0.024741257024783025,-0.0014660344652014067,-5.593994578805204,5,5
Arabic,mean_cosine_distance,Up,0.11035767942667,0.132429215312004,0.026207291489984432,0.03144874978798132,0.005241458297996885,19.999999999999996,5,5
Arabic,mean_cosine_distance,Down,0.11035767942667,0.08828614354133602,0.026207291489984432,0.020965833191987547,-0.005241458297996885,-19.999999999999996,5,6
Arabic,exposure,Up,19725551.0,23670661.2,0.026207291489984432,0.025925888344951017,-0.00028140314503341535,-1.0737589771188616,5,5
Arabic,exposure,Down,19725551.0,15780440.8,0.026207291489984432,0.026560126572763205,0.0003528350827787727,1.34632410569255,5,5
Telugu,support,Up,27.0,32.4,0.021044529982480513,0.022208686955169057,0.0011641569726885438,5.531874428451003,6,6
Telugu,support,Down,27.0,21.6,0.021044529982480513,0.019619716999633413,-0.0014248129828470998,-6.770467119167075,6,6
Telugu,mean_cosine_distance,Up,0.1069986522197723,0.12839838266372675,0.021044529982480513,0.025253435978976616,0.004208905996496103,20.000000000000004,6,6
Telugu,mean_cosine_distance,Down,0.1069986522197723,0.08559892177581785,0.021044529982480513,0.016835623985984413,-0.0042089059964961,-19.999999999999986,6,7
Telugu,exposure,Up,18950266.0,22740319.2,0.021044529982480513,0.02081802757838277,-0.00022650240409774133,-1.0763006077413164,6,6
Telugu,exposure,Down,18950266.0,15160212.8,0.021044529982480513,0.021328544656510347,0.0002840146740298345,1.349589058374198,6,6
Devanagari,support,Up,62.0,74.39999999999999,0.01926141722908344,0.020112315515310678,0.0008508982862272391,4.417630728347653,7,7
Devanagari,support,Down,62.0,49.6,0.01926141722908344,0.018220001892714298,-0.0010414153363691413,-5.406743044829923,7,7
Devanagari,mean_cosine_distance,Up,0.0786667317152023,0.09440007805824276,0.01926141722908344,0.023113700674900126,0.003852283445816687,19.999999999999996,7,6
Devanagari,mean_cosine_distance,Down,0.0786667317152023,0.06293338537216185,0.01926141722908344,0.015409133783266754,-0.0038522834458166854,-19.999999999999986,7,7
Devanagari,exposure,Up,20913007.0,25095608.4,0.01926141722908344,0.019055305616976284,-0.00020611161210715503,-1.0700750087898019,7,7
Devanagari,exposure,Down,20913007.0,16730405.600000001,0.01926141722908344,0.019519826936615945,0.0002584097075325059,1.3415923888628751,7,7
Bengali,support,Up,11.0,13.2,0.011028202992824353,0.011866721322252891,0.0008385183294285382,7.603399483797417,8,8
Bengali,support,Down,11.0,8.8,0.011028202992824353,0.010001939499022575,-0.0010262634938017785,-9.3058088835464,8,8
Bengali,mean_cosine_distance,Up,0.0770707204937934,0.09248486459255208,0.011028202992824353,0.013233843591389221,0.002205640598564868,19.999999999999975,8,8
Bengali,mean_cosine_distance,Down,0.0770707204937934,0.061656576395034725,0.011028202992824353,0.008822562394259482,-0.0022056405985648713,-20.000000000000007,8,9
Bengali,exposure,Up,18957649.0,22749178.8,0.011028202992824353,0.010909509106324903,-0.00011869388649944981,-1.0762758590559094,8,8
Bengali,exposure,Down,18957649.0,15166119.200000001,0.011028202992824353,0.0111770349074736,0.00014883191464924728,1.349557264643086,8,8
Tamil,support,Up,17.0,20.4,0.009164795246792158,0.0097545636596081,0.0005897684128159421,6.435150998298315,9,9
Tamil,support,Down,17.0,13.600000000000001,0.009164795246792158,0.008442977046010661,-0.0007218182007814964,-7.8759882937280645,9,9
Tamil,mean_cosine_distance,Up,0.0541952401399612,0.06503428816795344,0.009164795246792158,0.010997754296150589,0.0018329590493584309,19.999999999999993,9,9
Tamil,mean_cosine_distance,Down,0.0541952401399612,0.043356192111968964,0.009164795246792158,0.007331836197433727,-0.0018329590493584309,-19.999999999999993,9,9
Tamil,exposure,Up,18886672.0,22664006.4,0.009164795246792158,0.00906613492183708,-9.866032495507715e-05,-1.0765142297053503,9,9
Tamil,exposure,Down,18886672.0,15109337.600000001,0.009164795246792158,0.009288507471962535,0.00012371222517037692,1.34986349218962,9,9
